timestamp,project_name,run_id,experiment_id,duration,emissions,emissions_rate,cpu_power,gpu_power,ram_power,cpu_energy,gpu_energy,ram_energy,energy_consumed,water_consumed,country_name,country_iso_code,region,cloud_provider,cloud_region,os,python_version,codecarbon_version,cpu_count,cpu_model,gpu_count,gpu_model,longitude,latitude,ram_total_size,tracking_mode,on_cloud,pue,wue
2025-12-03T14:23:51,q_learning_berlin52.tsp_R1_convex_gamma0.01_r1_project,a1d7e684-5e11-40ef-89ee-7e662845552a,5b0fa12a-3dd7-45bb-9766-cc326314d9f1,3.54722359997686,1.4549879422929245e-05,4.101765511208303e-06,130.0,10.218161158293404,10.0,0.0001280308394447,1.0065285829988224e-05,9.846684166566572e-06,0.0001479428094412,0.0,Brazil,BRA,minas gerais,,,Windows-11-10.0.26100-SP0,3.14.0,3.0.8,4,Intel(R) Core(TM) i3-9100F CPU @ 3.60GHz,1,1 x NVIDIA GeForce GTX 1650,-43.9572,-19.9029,15.928089141845703,machine,N,1.0,0.0
2025-12-03T14:24:01,q_learning_berlin52.tsp_R1_convex_gamma0.15_r1_project,8102b41e-d8cc-46e2-953f-0c85fd33f01f,5b0fa12a-3dd7-45bb-9766-cc326314d9f1,4.377623899956234,1.8008141130781457e-05,4.113679370893762e-06,130.0,10.636123255029249,10.0,0.0001580225111108,1.2930010344011644e-05,1.215380638896022e-05,0.0001831063278437,0.0,Brazil,BRA,minas gerais,,,Windows-11-10.0.26100-SP0,3.14.0,3.0.8,4,Intel(R) Core(TM) i3-9100F CPU @ 3.60GHz,1,1 x NVIDIA GeForce GTX 1650,-43.9572,-19.9029,15.928089141845703,machine,N,1.0,0.0
2025-12-03T14:24:10,q_learning_berlin52.tsp_R1_convex_gamma0.3_r1_project,7ccd652c-a51f-4580-baad-366581426424,5b0fa12a-3dd7-45bb-9766-cc326314d9f1,4.444422700093128,1.8267565272664448e-05,4.110222295525957e-06,130.0,10.599479751075474,10.0,0.0001603378869476,1.3074732682000212e-05,1.2331526389203242e-05,0.0001857441460188,0.0,Brazil,BRA,minas gerais,,,Windows-11-10.0.26100-SP0,3.14.0,3.0.8,4,Intel(R) Core(TM) i3-9100F CPU @ 3.60GHz,1,1 x NVIDIA GeForce GTX 1650,-43.9572,-19.9029,15.928089141845703,machine,N,1.0,0.0
2025-12-03T14:24:38,q_learning_br17.atsp_R1_convex_gamma0.01_r1_project,3c22d636-b791-411f-be24-fea7b6cbc106,5b0fa12a-3dd7-45bb-9766-cc326314d9f1,1.10131719999481,4.50963345305334e-06,4.094763482377821e-06,130.0,10.090906133212998,10.0,3.971673333273632e-05,3.084169133998893e-06,3.052937500049464e-06,4.5853839966784674e-05,0.0,Brazil,BRA,minas gerais,,,Windows-11-10.0.26100-SP0,3.14.0,3.0.8,4,Intel(R) Core(TM) i3-9100F CPU @ 3.60GHz,1,1 x NVIDIA GeForce GTX 1650,-43.9572,-19.9029,15.928089141845703,machine,N,1.0,0.0
2025-12-03T14:24:44,q_learning_br17.atsp_R1_convex_gamma0.15_r1_project,527adb5f-de6a-40a3-9e93-bbf45ff6809c,5b0fa12a-3dd7-45bb-9766-cc326314d9f1,1.091086099972017,4.486084637494801e-06,4.111577113492561e-06,130.0,10.68194737282625,10.0,3.935426444578398e-05,3.2347248099806603e-06,3.025406944410255e-06,4.5614396200174896e-05,0.0,Brazil,BRA,minas gerais,,,Windows-11-10.0.26100-SP0,3.14.0,3.0.8,4,Intel(R) Core(TM) i3-9100F CPU @ 3.60GHz,1,1 x NVIDIA GeForce GTX 1650,-43.9572,-19.9029,15.928089141845703,machine,N,1.0,0.0
2025-12-03T14:24:51,q_learning_br17.atsp_R1_convex_gamma0.3_r1_project,1ebca8ca-81c1-4e27-a896-7f082e0efdb9,5b0fa12a-3dd7-45bb-9766-cc326314d9f1,1.5839225000236183,6.511714713854972e-06,4.111132150567893e-06,130.0,10.614674204130152,10.0,5.7149552777344885e-05,4.667225955989896e-06,4.3941733333566745e-06,6.621095206669145e-05,0.0,Brazil,BRA,minas gerais,,,Windows-11-10.0.26100-SP0,3.14.0,3.0.8,4,Intel(R) Core(TM) i3-9100F CPU @ 3.60GHz,1,1 x NVIDIA GeForce GTX 1650,-43.9572,-19.9029,15.928089141845703,machine,N,1.0,0.0
2025-12-03T14:24:58,q_learning_br17.atsp_R1_convex_gamma0.45_r1_project,ff367381-410c-44e9-a06b-721411989c86,5b0fa12a-3dd7-45bb-9766-cc326314d9f1,1.0748272999189794,4.3844384832424325e-06,4.079202755245361e-06,130.0,9.71929619052638,10.0,3.8709352500801394e-05,2.895557872001353e-06,2.975950277565668e-06,4.458086065036841e-05,0.0,Brazil,BRA,minas gerais,,,Windows-11-10.0.26100-SP0,3.14.0,3.0.8,4,Intel(R) Core(TM) i3-9100F CPU @ 3.60GHz,1,1 x NVIDIA GeForce GTX 1650,-43.9572,-19.9029,15.928089141845703,machine,N,1.0,0.0
2025-12-03T14:25:06,q_learning_berlin52.tsp_R1_convex_gamma0.01_r1_project,afdf7468-3cbc-49b2-94c9-2372dc008ee5,5b0fa12a-3dd7-45bb-9766-cc326314d9f1,3.6539281000150368,1.5002028076138338e-05,4.105726129662103e-06,130.0,10.343563844676234,10.0,0.0001319004411113,1.0495563951995468e-05,1.01442405556251e-05,0.000152540245619,0.0,Brazil,BRA,minas gerais,,,Windows-11-10.0.26100-SP0,3.14.0,3.0.8,4,Intel(R) Core(TM) i3-9100F CPU @ 3.60GHz,1,1 x NVIDIA GeForce GTX 1650,-43.9572,-19.9029,15.928089141845703,machine,N,1.0,0.0
2025-12-03T14:25:16,q_learning_berlin52.tsp_R1_convex_gamma0.15_r1_project,c0d6b159-90f7-484a-837a-3f2aa6e0db66,5b0fa12a-3dd7-45bb-9766-cc326314d9f1,3.69911700009834,1.5215029771484935e-05,4.1131518065204346e-06,130.0,10.637025013196595,10.0,0.0001335127877799,1.0926119851983884e-05,1.0267133888879067e-05,0.0001547060415207,0.0,Brazil,BRA,minas gerais,,,Windows-11-10.0.26100-SP0,3.14.0,3.0.8,4,Intel(R) Core(TM) i3-9100F CPU @ 3.60GHz,1,1 x NVIDIA GeForce GTX 1650,-43.9572,-19.9029,15.928089141845703,machine,N,1.0,0.0
2025-12-03T14:25:25,q_learning_berlin52.tsp_R1_convex_gamma0.3_r1_project,57261d53-4dbb-48d2-b203-29855a114d91,5b0fa12a-3dd7-45bb-9766-cc326314d9f1,4.388016199925914,1.8044971333209e-05,4.112330153547215e-06,130.0,10.574401242272923,10.0,0.0001584105502768,1.2886399197997722e-05,1.2183866944461544e-05,0.0001834808164193,0.0,Brazil,BRA,minas gerais,,,Windows-11-10.0.26100-SP0,3.14.0,3.0.8,4,Intel(R) Core(TM) i3-9100F CPU @ 3.60GHz,1,1 x NVIDIA GeForce GTX 1650,-43.9572,-19.9029,15.928089141845703,machine,N,1.0,0.0
2025-12-03T14:30:47,q_learning_br17.atsp_R1_convex_gamma0.01_r1_project,d1d705d1-97b5-4f6b-9195-4961a0db8eb6,5b0fa12a-3dd7-45bb-9766-cc326314d9f1,1.1929998999694362,4.887541018362935e-06,4.096849478770409e-06,130.0,10.110238369863623,10.0,4.303928777775986e-05,3.3480582340011944e-06,3.309048611036916e-06,4.969639462279797e-05,0.0,Brazil,BRA,minas gerais,,,Windows-11-10.0.26100-SP0,3.14.0,3.0.8,4,Intel(R) Core(TM) i3-9100F CPU @ 3.60GHz,1,1 x NVIDIA GeForce GTX 1650,-43.9572,-19.9029,15.928089141845703,machine,N,1.0,0.0
2025-12-03T14:30:53,q_learning_br17.atsp_R1_convex_gamma0.15_r1_project,0c35ebbb-619b-48d9-bff9-76e086614b63,5b0fa12a-3dd7-45bb-9766-cc326314d9f1,1.144055499928072,4.678415435372697e-06,4.0893255927416405e-06,130.0,10.27102030548065,10.0,4.115380749927782e-05,3.252502601983065e-06,3.163700833101757e-06,4.757001093436264e-05,0.0,Brazil,BRA,minas gerais,,,Windows-11-10.0.26100-SP0,3.14.0,3.0.8,4,Intel(R) Core(TM) i3-9100F CPU @ 3.60GHz,1,1 x NVIDIA GeForce GTX 1650,-43.9572,-19.9029,15.928089141845703,machine,N,1.0,0.0
2025-12-03T14:31:00,q_learning_br17.atsp_R1_convex_gamma0.3_r1_project,35e14335-ac38-4e95-bb3f-6bcf9d9425f6,5b0fa12a-3dd7-45bb-9766-cc326314d9f1,1.6011290999595076,6.586452674411156e-06,4.113629984351498e-06,130.0,10.777017186348132,10.0,5.774828222379761e-05,4.788892720000715e-06,4.433710833351749e-06,6.697088577715008e-05,0.0,Brazil,BRA,minas gerais,,,Windows-11-10.0.26100-SP0,3.14.0,3.0.8,4,Intel(R) Core(TM) i3-9100F CPU @ 3.60GHz,1,1 x NVIDIA GeForce GTX 1650,-43.9572,-19.9029,15.928089141845703,machine,N,1.0,0.0
2025-12-03T14:31:06,q_learning_br17.atsp_R1_convex_gamma0.45_r1_project,52e7a400-45d4-4f1d-8437-4a058e6330a5,5b0fa12a-3dd7-45bb-9766-cc326314d9f1,1.0691311999689788,4.39835436642796e-06,4.11395193270534e-06,130.0,10.773979252468967,10.0,3.856072999996185e-05,3.196947002001571e-06,2.964679999988423e-06,4.472235700195184e-05,0.0,Brazil,BRA,minas gerais,,,Windows-11-10.0.26100-SP0,3.14.0,3.0.8,4,Intel(R) Core(TM) i3-9100F CPU @ 3.60GHz,1,1 x NVIDIA GeForce GTX 1650,-43.9572,-19.9029,15.928089141845703,machine,N,1.0,0.0
2025-12-03T14:31:16,q_learning_berlin52.tsp_R1_convex_gamma0.01_r1_project,77212e44-22b8-42b4-a3a4-01a5950b5572,5b0fa12a-3dd7-45bb-9766-cc326314d9f1,4.415319199906662,1.8633751965507703e-05,4.220250251873435e-06,130.0,14.528348891573913,10.0,0.0001593934983299,1.781473647401166e-05,1.2259288333330513e-05,0.0001894675231373,0.0,Brazil,BRA,minas gerais,,,Windows-11-10.0.26100-SP0,3.14.0,3.0.8,4,Intel(R) Core(TM) i3-9100F CPU @ 3.60GHz,1,1 x NVIDIA GeForce GTX 1650,-43.9572,-19.9029,15.928089141845703,machine,N,1.0,0.0
2025-12-03T14:31:26,q_learning_berlin52.tsp_R1_convex_gamma0.15_r1_project,3e9fcd78-5c61-4220-8162-79bab37c75fd,5b0fa12a-3dd7-45bb-9766-cc326314d9f1,4.811717699980363,2.0303083423886047e-05,4.219508435411517e-06,130.0,14.52476001869296,10.0,0.0001736760602785,1.9408071081986056e-05,1.3357112222325263e-05,0.0002064412435828,0.0,Brazil,BRA,minas gerais,,,Windows-11-10.0.26100-SP0,3.14.0,3.0.8,4,Intel(R) Core(TM) i3-9100F CPU @ 3.60GHz,1,1 x NVIDIA GeForce GTX 1650,-43.9572,-19.9029,15.928089141845703,machine,N,1.0,0.0
2025-12-03T14:31:35,q_learning_berlin52.tsp_R1_convex_gamma0.3_r1_project,811a5bce-82c0-4d86-8e41-fe83fed6375f,5b0fa12a-3dd7-45bb-9766-cc326314d9f1,3.9057586999842897,1.6053738875063652e-05,4.1102741127167495e-06,130.0,10.50653935880069,10.0,0.0001409933813892,1.1396398006000008e-05,1.0844235277747634e-05,0.000163234014673,0.0,Brazil,BRA,minas gerais,,,Windows-11-10.0.26100-SP0,3.14.0,3.0.8,4,Intel(R) Core(TM) i3-9100F CPU @ 3.60GHz,1,1 x NVIDIA GeForce GTX 1650,-43.9572,-19.9029,15.928089141845703,machine,N,1.0,0.0
2025-12-03T14:31:44,q_learning_berlin52.tsp_R1_convex_gamma0.45_r1_project,83712c2e-1145-4bfa-95b5-00880b2a30fa,5b0fa12a-3dd7-45bb-9766-cc326314d9f1,3.924223000067286,1.6123396549874925e-05,4.108685095010775e-06,130.0,10.447644009935942,10.0,0.0001416609422232,1.138584244199381e-05,1.0895507500067146e-05,0.0001639422921653,0.0,Brazil,BRA,minas gerais,,,Windows-11-10.0.26100-SP0,3.14.0,3.0.8,4,Intel(R) Core(TM) i3-9100F CPU @ 3.60GHz,1,1 x NVIDIA GeForce GTX 1650,-43.9572,-19.9029,15.928089141845703,machine,N,1.0,0.0
2025-12-03T14:31:54,q_learning_eil51.tsp_R1_convex_gamma0.01_r1_project,7d3771c6-8654-48ec-a52b-be23d2b76982,5b0fa12a-3dd7-45bb-9766-cc326314d9f1,4.380227299989201,1.8019635608396988e-05,4.1138585681253145e-06,130.0,10.634096943315038,10.0,0.0001581252327777,1.2935843681977088e-05,1.2162126944490914e-05,0.0001832232034042,0.0,Brazil,BRA,minas gerais,,,Windows-11-10.0.26100-SP0,3.14.0,3.0.8,4,Intel(R) Core(TM) i3-9100F CPU @ 3.60GHz,1,1 x NVIDIA GeForce GTX 1650,-43.9572,-19.9029,15.928089141845703,machine,N,1.0,0.0
2025-12-03T14:32:04,q_learning_eil51.tsp_R1_convex_gamma0.15_r1_project,9d4847a9-6020-44b0-a8d9-cbbf91241bd0,5b0fa12a-3dd7-45bb-9766-cc326314d9f1,4.686916499980725,2.003930996655073e-05,4.27558501770474e-06,130.0,16.54830945569087,10.0,0.0001692046741673,2.1540295009989108e-05,1.3014232499861262e-05,0.0002037592016772,0.0,Brazil,BRA,minas gerais,,,Windows-11-10.0.26100-SP0,3.14.0,3.0.8,4,Intel(R) Core(TM) i3-9100F CPU @ 3.60GHz,1,1 x NVIDIA GeForce GTX 1650,-43.9572,-19.9029,15.928089141845703,machine,N,1.0,0.0
2025-12-03T14:32:13,q_learning_eil51.tsp_R1_convex_gamma0.3_r1_project,e418f349-9f2d-4631-beae-8368a70e16af,5b0fa12a-3dd7-45bb-9766-cc326314d9f1,4.548283100011759,1.9415011267018205e-05,4.268646177052614e-06,130.0,16.302584331670506,10.0,0.0001641912025011,2.059196091799831e-05,1.2628184722335493e-05,0.0001974113481414,0.0,Brazil,BRA,minas gerais,,,Windows-11-10.0.26100-SP0,3.14.0,3.0.8,4,Intel(R) Core(TM) i3-9100F CPU @ 3.60GHz,1,1 x NVIDIA GeForce GTX 1650,-43.9572,-19.9029,15.928089141845703,machine,N,1.0,0.0
2025-12-03T14:32:23,q_learning_eil51.tsp_R1_convex_gamma0.45_r1_project,e12c6119-f9c2-4f69-b03c-edcc80906859,5b0fa12a-3dd7-45bb-9766-cc326314d9f1,3.702909799991176,1.521720680188854e-05,4.109526730012382e-06,130.0,10.477668731297856,10.0,0.0001336729911139,1.077445306399416e-05,1.0280733333396103e-05,0.0001547281775113,0.0,Brazil,BRA,minas gerais,,,Windows-11-10.0.26100-SP0,3.14.0,3.0.8,4,Intel(R) Core(TM) i3-9100F CPU @ 3.60GHz,1,1 x NVIDIA GeForce GTX 1650,-43.9572,-19.9029,15.928089141845703,machine,N,1.0,0.0
2025-12-03T14:32:30,q_learning_ftv33.atsp_R1_convex_gamma0.01_r1_project,78f48046-7526-403d-a5d3-428c9b08f087,5b0fa12a-3dd7-45bb-9766-cc326314d9f1,2.3222313999431208,9.52263661599262e-06,4.100640709718189e-06,130.0,10.192101038918365,10.0,8.38085624971427e-05,6.571949702008362e-06,6.445418333169073e-06,9.682593053232014e-05,0.0,Brazil,BRA,minas gerais,,,Windows-11-10.0.26100-SP0,3.14.0,3.0.8,4,Intel(R) Core(TM) i3-9100F CPU @ 3.60GHz,1,1 x NVIDIA GeForce GTX 1650,-43.9572,-19.9029,15.928089141845703,machine,N,1.0,0.0
2025-12-03T14:32:38,q_learning_ftv33.atsp_R1_convex_gamma0.15_r1_project,03bfaaee-643b-457c-8646-73d3c351d9fb,5b0fa12a-3dd7-45bb-9766-cc326314d9f1,2.309194799978286,9.467793478079016e-06,4.100041052477705e-06,130.0,10.171525886274852,10.0,8.33375002739356e-05,6.5216718840022114e-06,6.4091147221107445e-06,9.626828688004856e-05,0.0,Brazil,BRA,minas gerais,,,Windows-11-10.0.26100-SP0,3.14.0,3.0.8,4,Intel(R) Core(TM) i3-9100F CPU @ 3.60GHz,1,1 x NVIDIA GeForce GTX 1650,-43.9572,-19.9029,15.928089141845703,machine,N,1.0,0.0
2025-12-03T14:32:45,q_learning_ftv33.atsp_R1_convex_gamma0.3_r1_project,8c154985-afa5-4ac3-8ee5-e299c7ae7f38,5b0fa12a-3dd7-45bb-9766-cc326314d9f1,2.3227617000229657,9.51548696160472e-06,4.096626425995675e-06,130.0,10.179759038309864,10.0,8.375254333271491e-05,6.560838581998185e-06,6.439851110917516e-06,9.67532330256306e-05,0.0,Brazil,BRA,minas gerais,,,Windows-11-10.0.26100-SP0,3.14.0,3.0.8,4,Intel(R) Core(TM) i3-9100F CPU @ 3.60GHz,1,1 x NVIDIA GeForce GTX 1650,-43.9572,-19.9029,15.928089141845703,machine,N,1.0,0.0
2025-12-03T14:32:53,q_learning_ftv33.atsp_R1_convex_gamma0.45_r1_project,131a4d9e-36c4-448f-9fbb-a93d18e114b0,5b0fa12a-3dd7-45bb-9766-cc326314d9f1,2.348943999968469,9.61421234368191e-06,4.092993423347243e-06,130.0,10.044023175663328,10.0,8.469906611232243e-05,6.545005235988888e-06,6.512998888825273e-06,9.77570702371366e-05,0.0,Brazil,BRA,minas gerais,,,Windows-11-10.0.26100-SP0,3.14.0,3.0.8,4,Intel(R) Core(TM) i3-9100F CPU @ 3.60GHz,1,1 x NVIDIA GeForce GTX 1650,-43.9572,-19.9029,15.928089141845703,machine,N,1.0,0.0
2025-12-03T14:33:03,q_learning_ftv64.atsp_R1_convex_gamma0.01_r1_project,71a74162-ee64-4cee-a6c7-c8f3ba23d384,5b0fa12a-3dd7-45bb-9766-cc326314d9f1,4.83227740006987,1.9840654380684778e-05,4.105859978236743e-06,130.0,10.338403662327032,10.0,0.0001744468952794,1.38747333219974e-05,1.3417648055797651e-05,0.0002017392766572,0.0,Brazil,BRA,minas gerais,,,Windows-11-10.0.26100-SP0,3.14.0,3.0.8,4,Intel(R) Core(TM) i3-9100F CPU @ 3.60GHz,1,1 x NVIDIA GeForce GTX 1650,-43.9572,-19.9029,15.928089141845703,machine,N,1.0,0.0
2025-12-03T14:33:13,q_learning_ftv64.atsp_R1_convex_gamma0.15_r1_project,31618a9f-28ee-4587-992d-f5223ecdd434,5b0fa12a-3dd7-45bb-9766-cc326314d9f1,4.822134000016376,1.979990366628007e-05,4.10604592618389e-06,130.0,10.340662879297394,10.0,0.0001740869577796,1.384834441200966e-05,1.3389622222489883e-05,0.0002013249244141,0.0,Brazil,BRA,minas gerais,,,Windows-11-10.0.26100-SP0,3.14.0,3.0.8,4,Intel(R) Core(TM) i3-9100F CPU @ 3.60GHz,1,1 x NVIDIA GeForce GTX 1650,-43.9572,-19.9029,15.928089141845703,machine,N,1.0,0.0
2025-12-03T14:33:23,q_learning_ftv64.atsp_R1_convex_gamma0.3_r1_project,09ed945e-1719-46b7-8850-e55544eaa8b3,5b0fa12a-3dd7-45bb-9766-cc326314d9f1,4.807629799935967,1.9739252423522418e-05,4.105817886349179e-06,130.0,10.337512986060666,10.0,0.0001735572691667,1.3802233263998652e-05,1.334872166658493e-05,0.0002007082240973,0.0,Brazil,BRA,minas gerais,,,Windows-11-10.0.26100-SP0,3.14.0,3.0.8,4,Intel(R) Core(TM) i3-9100F CPU @ 3.60GHz,1,1 x NVIDIA GeForce GTX 1650,-43.9572,-19.9029,15.928089141845703,machine,N,1.0,0.0
2025-12-03T14:33:33,q_learning_ftv64.atsp_R1_convex_gamma0.45_r1_project,5921bd9d-1d21-479c-aa6e-c51a6107bdc5,5b0fa12a-3dd7-45bb-9766-cc326314d9f1,5.1107679000124335,2.0987245560032e-05,4.1064759681184e-06,130.0,10.358308238376525,10.0,0.0001845049808358,1.4702233984004163e-05,1.419057222244899e-05,0.0002133977870422,0.0,Brazil,BRA,minas gerais,,,Windows-11-10.0.26100-SP0,3.14.0,3.0.8,4,Intel(R) Core(TM) i3-9100F CPU @ 3.60GHz,1,1 x NVIDIA GeForce GTX 1650,-43.9572,-19.9029,15.928089141845703,machine,N,1.0,0.0
2025-12-03T14:33:46,q_learning_kroA100.tsp_R1_convex_gamma0.01_r1_project,4853ac94-b6ac-4223-9494-a58a2d7e3f6c,5b0fa12a-3dd7-45bb-9766-cc326314d9f1,8.187016199924983,3.3644099569201407e-05,4.109445828323838e-06,130.0,10.448467405949248,10.0,0.0002955969430525,2.3758907895979345e-05,2.2736510555518585e-05,0.000342092361504,0.0,Brazil,BRA,minas gerais,,,Windows-11-10.0.26100-SP0,3.14.0,3.0.8,4,Intel(R) Core(TM) i3-9100F CPU @ 3.60GHz,1,1 x NVIDIA GeForce GTX 1650,-43.9572,-19.9029,15.928089141845703,machine,N,1.0,0.0
2025-12-03T14:34:00,q_learning_kroA100.tsp_R1_convex_gamma0.15_r1_project,34f5c493-dbf3-4b8c-842a-92ac12e91ae8,5b0fa12a-3dd7-45bb-9766-cc326314d9f1,8.210197799955495,3.371531405306406e-05,4.106516660688348e-06,130.0,10.343892039357444,10.0,0.0002964287588886,2.3587241091999056e-05,2.280046861107824e-05,0.0003428164685917,0.0,Brazil,BRA,minas gerais,,,Windows-11-10.0.26100-SP0,3.14.0,3.0.8,4,Intel(R) Core(TM) i3-9100F CPU @ 3.60GHz,1,1 x NVIDIA GeForce GTX 1650,-43.9572,-19.9029,15.928089141845703,machine,N,1.0,0.0
2025-12-03T14:34:13,q_learning_kroA100.tsp_R1_convex_gamma0.3_r1_project,1b7e963d-ea59-40bb-a5e1-596d38427af9,5b0fa12a-3dd7-45bb-9766-cc326314d9f1,8.642325500026345,3.550321589131268e-05,4.1080627999031564e-06,130.0,10.39714238642568,10.0,0.0003120376458346,2.4956964410002835e-05,2.400119944456189e-05,0.0003609958096891,0.0,Brazil,BRA,minas gerais,,,Windows-11-10.0.26100-SP0,3.14.0,3.0.8,4,Intel(R) Core(TM) i3-9100F CPU @ 3.60GHz,1,1 x NVIDIA GeForce GTX 1650,-43.9572,-19.9029,15.928089141845703,machine,N,1.0,0.0
2025-12-03T14:34:30,q_learning_kroA100.tsp_R1_convex_gamma0.45_r1_project,dc4726ae-0144-4f4a-aed5-eb130758c6fc,5b0fa12a-3dd7-45bb-9766-cc326314d9f1,9.830294399987906,1.633121454279739e-06,1.6613148984446977e-07,130.0,11.920058324728409,10.0,0.0003549301744464,3.25455815920056e-05,2.7300519722242225e-05,0.0004147762757607,0.0,Canada,CAN,quebec,,,Windows-11-10.0.26100-SP0,3.14.0,3.0.8,4,Intel(R) Core(TM) i3-9100F CPU @ 3.60GHz,1,1 x NVIDIA GeForce GTX 1650,-71.2,46.8,15.928089141845703,machine,N,1.0,0.0
2025-12-03T14:34:41,q_learning_st70.tsp_R1_convex_gamma0.01_r1_project,70885c2c-32a2-4d89-8c5a-e4b8526f6ce7,5b0fa12a-3dd7-45bb-9766-cc326314d9f1,5.899542800034396,2.441180055973314e-05,4.1379139684503705e-06,130.0,11.51144866400229,10.0,0.0002129763313918,1.886112619998992e-05,1.638111888896674e-05,0.0002482185764807,0.0,Brazil,BRA,minas gerais,,,Windows-11-10.0.26100-SP0,3.14.0,3.0.8,4,Intel(R) Core(TM) i3-9100F CPU @ 3.60GHz,1,1 x NVIDIA GeForce GTX 1650,-43.9572,-19.9029,15.928089141845703,machine,N,1.0,0.0
2025-12-03T14:34:52,q_learning_st70.tsp_R1_convex_gamma0.15_r1_project,abde12e5-8de8-4b87-bd52-4cfec68e1207,5b0fa12a-3dd7-45bb-9766-cc326314d9f1,5.26726710004732,2.163933076148896e-05,4.108265320605169e-06,130.0,10.424345079140814,10.0,0.0001901537336118,1.5248901088005253e-05,1.4625538333590765e-05,0.0002200281730334,0.0,Brazil,BRA,minas gerais,,,Windows-11-10.0.26100-SP0,3.14.0,3.0.8,4,Intel(R) Core(TM) i3-9100F CPU @ 3.60GHz,1,1 x NVIDIA GeForce GTX 1650,-43.9572,-19.9029,15.928089141845703,machine,N,1.0,0.0
2025-12-03T14:35:02,q_learning_st70.tsp_R1_convex_gamma0.3_r1_project,1528d1e2-3fab-4cfd-b42c-7344cd11c237,5b0fa12a-3dd7-45bb-9766-cc326314d9f1,5.332816999987699,2.191338319189e-05,4.10915716626701e-06,130.0,10.458715800345129,10.0,0.0001925186647212,1.548973461400205e-05,1.4806331944419072e-05,0.0002228147312796,0.0,Brazil,BRA,minas gerais,,,Windows-11-10.0.26100-SP0,3.14.0,3.0.8,4,Intel(R) Core(TM) i3-9100F CPU @ 3.60GHz,1,1 x NVIDIA GeForce GTX 1650,-43.9572,-19.9029,15.928089141845703,machine,N,1.0,0.0
2025-12-03T14:35:15,q_learning_st70.tsp_R1_convex_gamma0.45_r1_project,e5adda89-b7de-47a6-95cf-b1c8b817417b,5b0fa12a-3dd7-45bb-9766-cc326314d9f1,7.239824200049043,2.9942575284703364e-05,4.135815243207222e-06,130.0,11.421342590895248,10.0,0.0002613854605559,2.296529614999321e-05,2.0104598610972365e-05,0.0003044553553168,0.0,Brazil,BRA,minas gerais,,,Windows-11-10.0.26100-SP0,3.14.0,3.0.8,4,Intel(R) Core(TM) i3-9100F CPU @ 3.60GHz,1,1 x NVIDIA GeForce GTX 1650,-43.9572,-19.9029,15.928089141845703,machine,N,1.0,0.0
2025-12-03T14:35:45,q_learning_tsp225.tsp_R1_convex_gamma0.01_r1_project,c8d82212-a55a-4e8c-a867-249d4ab85578,5b0fa12a-3dd7-45bb-9766-cc326314d9f1,24.57226729998365,0.0001008527677414,4.104333007216301e-06,130.0,10.433532834479548,10.0,0.0008860608972211,7.128866814200274e-05,6.811885027790494e-05,0.001025468415641,0.0,Brazil,BRA,minas gerais,,,Windows-11-10.0.26100-SP0,3.14.0,3.0.8,4,Intel(R) Core(TM) i3-9100F CPU @ 3.60GHz,1,1 x NVIDIA GeForce GTX 1650,-43.9572,-19.9029,15.928089141845703,machine,N,1.0,0.0
2025-12-03T14:36:17,q_learning_tsp225.tsp_R1_convex_gamma0.15_r1_project,36af6e39-a2a9-4473-b7e5-4a6b7244709b,5b0fa12a-3dd7-45bb-9766-cc326314d9f1,26.685053099994548,0.0001095871458263,4.106686444119119e-06,130.0,10.446205260071771,10.0,0.0009626533872163,7.75914509620057e-05,7.403451499962506e-05,0.0011142793531779,0.0,Brazil,BRA,minas gerais,,,Windows-11-10.0.26100-SP0,3.14.0,3.0.8,4,Intel(R) Core(TM) i3-9100F CPU @ 3.60GHz,1,1 x NVIDIA GeForce GTX 1650,-43.9572,-19.9029,15.928089141845703,machine,N,1.0,0.0
2025-12-03T14:36:50,q_learning_tsp225.tsp_R1_convex_gamma0.3_r1_project,4c3338f9-ed7c-4fa0-9f51-54c01670195b,5b0fa12a-3dd7-45bb-9766-cc326314d9f1,27.94179890002124,0.000114766265481,4.1073327415918e-06,130.0,10.497163862930938,10.0,0.0010080160855596,8.140117623200993e-05,7.752325027799493e-05,0.0011669405120697,0.0,Brazil,BRA,minas gerais,,,Windows-11-10.0.26100-SP0,3.14.0,3.0.8,4,Intel(R) Core(TM) i3-9100F CPU @ 3.60GHz,1,1 x NVIDIA GeForce GTX 1650,-43.9572,-19.9029,15.928089141845703,machine,N,1.0,0.0
2025-12-03T14:37:21,q_learning_tsp225.tsp_R1_convex_gamma0.45_r1_project,5a2eca78-2028-4b41-837b-007b8dd01fef,5b0fa12a-3dd7-45bb-9766-cc326314d9f1,26.042375400080346,0.0001069259889367,4.1058462330756265e-06,130.0,10.45521832218325,10.0,0.0009393745869475,7.560311603799219e-05,7.224307361142969e-05,0.0010872207765969,0.0,Brazil,BRA,minas gerais,,,Windows-11-10.0.26100-SP0,3.14.0,3.0.8,4,Intel(R) Core(TM) i3-9100F CPU @ 3.60GHz,1,1 x NVIDIA GeForce GTX 1650,-43.9572,-19.9029,15.928089141845703,machine,N,1.0,0.0
2025-12-03T14:43:40,q_learning_br17.atsp_R1_convex_gamma0.01_r1_project,a430d40c-5861-4d13-8845-18d0b84f0a65,5b0fa12a-3dd7-45bb-9766-cc326314d9f1,1.1041429999750108,4.5244770952124495e-06,4.097727464028526e-06,130.0,10.313040114429276,10.0,3.9788070833633866e-05,3.1575025259966694e-06,3.0591963887369884e-06,4.6004769748367526e-05,0.0,Brazil,BRA,minas gerais,,,Windows-11-10.0.26100-SP0,3.14.0,3.0.8,4,Intel(R) Core(TM) i3-9100F CPU @ 3.60GHz,1,1 x NVIDIA GeForce GTX 1650,-43.9572,-19.9029,15.928089141845703,machine,N,1.0,0.0
2025-12-03T14:44:17,q_learning_br17.atsp_R1_convex_gamma0.01_r1_project,ef3e6797-550c-4d55-bce3-1ea029241cf0,5b0fa12a-3dd7-45bb-9766-cc326314d9f1,1.1045589999994263,4.531275183880382e-06,4.102338746850766e-06,130.0,10.37122819348639,10.0,3.983225638932911e-05,3.1791692099991664e-06,3.062466944296224e-06,4.6073892543624496e-05,0.0,Brazil,BRA,minas gerais,,,Windows-11-10.0.26100-SP0,3.14.0,3.0.8,4,Intel(R) Core(TM) i3-9100F CPU @ 3.60GHz,1,1 x NVIDIA GeForce GTX 1650,-43.9572,-19.9029,15.928089141845703,machine,N,1.0,0.0
2025-12-03T14:45:25,q_learning_br17.atsp_R1_convex_gamma0.01_r1_project,8fd90b1f-5a6f-432b-88f8-56bf1e902ed1,5b0fa12a-3dd7-45bb-9766-cc326314d9f1,1.4068822000408543,5.759270497141428e-06,4.093640886901679e-06,130.0,9.99331994336919,10.0,5.075478777806792e-05,3.902780900011393e-06,3.902549444723667e-06,5.856011812280298e-05,0.0,Brazil,BRA,minas gerais,,,Windows-11-10.0.26100-SP0,3.14.0,3.0.8,4,Intel(R) Core(TM) i3-9100F CPU @ 3.60GHz,1,1 x NVIDIA GeForce GTX 1650,-43.9572,-19.9029,15.928089141845703,machine,N,1.0,0.0
2025-12-03T14:45:31,q_learning_br17.atsp_R1_convex_gamma0.15_r1_project,5a95a43a-7a7f-4cec-b559-585a901c2ef3,5b0fa12a-3dd7-45bb-9766-cc326314d9f1,1.1205044999951497,4.601846328337278e-06,4.106941407515274e-06,130.0,10.522104103763638,10.0,4.041287972132624e-05,3.2719470620112823e-06,3.106631389042984e-06,4.679145817238051e-05,0.0,Brazil,BRA,minas gerais,,,Windows-11-10.0.26100-SP0,3.14.0,3.0.8,4,Intel(R) Core(TM) i3-9100F CPU @ 3.60GHz,1,1 x NVIDIA GeForce GTX 1650,-43.9572,-19.9029,15.928089141845703,machine,N,1.0,0.0
2025-12-03T14:45:38,q_learning_br17.atsp_R1_convex_gamma0.3_r1_project,0b1b664e-05de-47a1-8490-ee8430abeb0d,5b0fa12a-3dd7-45bb-9766-cc326314d9f1,1.0643815000075847,4.355129828119844e-06,4.09170004184478e-06,130.0,10.021545762543788,10.0,3.8373111111771625e-05,2.95944681198701e-06,2.950293055619113e-06,4.428285097937775e-05,0.0,Brazil,BRA,minas gerais,,,Windows-11-10.0.26100-SP0,3.14.0,3.0.8,4,Intel(R) Core(TM) i3-9100F CPU @ 3.60GHz,1,1 x NVIDIA GeForce GTX 1650,-43.9572,-19.9029,15.928089141845703,machine,N,1.0,0.0
2025-12-03T14:48:07,q_learning_br17.atsp_R1_convex_gamma0.01_r1_project,a26d7dcf-f459-45e8-ad8a-a1c7ed765ebb,5b0fa12a-3dd7-45bb-9766-cc326314d9f1,2.975718999980017,1.2221564687428713e-05,4.107096364781346e-06,130.0,10.403554510885256,10.0,0.0001074113552778,8.596673543997957e-06,8.260534722163963e-06,0.000124268563544,0.0,Brazil,BRA,minas gerais,,,Windows-11-10.0.26100-SP0,3.14.0,3.0.8,4,Intel(R) Core(TM) i3-9100F CPU @ 3.60GHz,1,1 x NVIDIA GeForce GTX 1650,-43.9572,-19.9029,15.928089141845703,machine,N,1.0,0.0
2025-12-03T14:48:16,q_learning_br17.atsp_R1_convex_gamma0.15_r1_project,07be9cfa-668c-4227-a292-73a339d00cf1,5b0fa12a-3dd7-45bb-9766-cc326314d9f1,3.661616199999117,1.5054974806127298e-05,4.111565490160036e-06,130.0,10.55879646815148,10.0,0.0001321762216649,1.0736397477992266e-05,1.016598750009305e-05,0.000153078606643,0.0,Brazil,BRA,minas gerais,,,Windows-11-10.0.26100-SP0,3.14.0,3.0.8,4,Intel(R) Core(TM) i3-9100F CPU @ 3.60GHz,1,1 x NVIDIA GeForce GTX 1650,-43.9572,-19.9029,15.928089141845703,machine,N,1.0,0.0
2025-12-03T14:48:36,q_learning_br17.atsp_R1_convex_gamma0.01_r1_project,e50f9783-e98c-463c-9968-00f6e3a60506,5b0fa12a-3dd7-45bb-9766-cc326314d9f1,2.938359500025399,1.2082995691892689e-05,4.112157035852231e-06,130.0,10.588535216676808,10.0,0.0001060628327796,8.639729133994023e-06,8.157035555470631e-06,0.0001228595974691,0.0,Brazil,BRA,minas gerais,,,Windows-11-10.0.26100-SP0,3.14.0,3.0.8,4,Intel(R) Core(TM) i3-9100F CPU @ 3.60GHz,1,1 x NVIDIA GeForce GTX 1650,-43.9572,-19.9029,15.928089141845703,machine,N,1.0,0.0
2025-12-03T14:50:28,q_learning_br17.atsp_R1_convex_gamma0.01_r1_project,3b2d1faf-217b-4985-bb73-d0f86a81f885,5b0fa12a-3dd7-45bb-9766-cc326314d9f1,1.016892999992706,4.1508665862292216e-06,4.081910865999663e-06,130.0,9.6532480896618,10.0,3.666332221893957e-05,2.7238910679933115e-06,2.818694166489877e-06,4.220590745342276e-05,0.0,Brazil,BRA,minas gerais,,,Windows-11-10.0.26100-SP0,3.14.0,3.0.8,4,Intel(R) Core(TM) i3-9100F CPU @ 3.60GHz,1,1 x NVIDIA GeForce GTX 1650,-43.9572,-19.9029,15.928089141845703,machine,N,1.0,0.0
2025-12-03T14:51:08,q_learning_br17.atsp_R1_convex_gamma0.01_r1_project,1a1999c3-ef74-439e-8303-3f68815d0af9,5b0fa12a-3dd7-45bb-9766-cc326314d9f1,1.04142529994715,4.261404069593823e-06,4.091896048434851e-06,130.0,10.01897791955759,10.0,3.754809138804881e-05,2.895002316011253e-06,2.8867561108199883e-06,4.332984981488005e-05,0.0,Brazil,BRA,minas gerais,,,Windows-11-10.0.26100-SP0,3.14.0,3.0.8,4,Intel(R) Core(TM) i3-9100F CPU @ 3.60GHz,1,1 x NVIDIA GeForce GTX 1650,-43.9572,-19.9029,15.928089141845703,machine,N,1.0,0.0
2025-12-03T14:51:14,q_learning_br17.atsp_R1_convex_gamma0.15_r1_project,8cd5b63f-dcea-41ba-bf5c-0f6cd3c776c2,5b0fa12a-3dd7-45bb-9766-cc326314d9f1,1.0656564000528306,4.365173349487234e-06,4.09622965645477e-06,130.0,10.235633312777203,10.0,3.840651749859616e-05,3.026391310001486e-06,2.952064444414444e-06,4.438497325301209e-05,0.0,Brazil,BRA,minas gerais,,,Windows-11-10.0.26100-SP0,3.14.0,3.0.8,4,Intel(R) Core(TM) i3-9100F CPU @ 3.60GHz,1,1 x NVIDIA GeForce GTX 1650,-43.9572,-19.9029,15.928089141845703,machine,N,1.0,0.0
2025-12-03T14:54:16,q_learning_br17.atsp_R1_convex_gamma0.01_r1_project,c4579a42-ce11-4883-8ded-04d02304c378,5b0fa12a-3dd7-45bb-9766-cc326314d9f1,1.0331676999339834,4.216701203900877e-06,4.081332782829266e-06,130.0,9.58600124919561,10.0,3.7261921664402405e-05,2.74861331001075e-06,2.864777222081709e-06,4.2875312196494864e-05,0.0,Brazil,BRA,minas gerais,,,Windows-11-10.0.26100-SP0,3.14.0,3.0.8,4,Intel(R) Core(TM) i3-9100F CPU @ 3.60GHz,1,1 x NVIDIA GeForce GTX 1650,-43.9572,-19.9029,15.928089141845703,machine,N,1.0,0.0
2025-12-03T14:56:01,q_learning_br17.atsp_R1_convex_gamma0.01_r1_project,e89b0218-5932-4861-8661-44ad5a07710c,5b0fa12a-3dd7-45bb-9766-cc326314d9f1,0.9962608000496402,4.069032634492601e-06,4.0843046662980775e-06,130.0,9.759496503946172,10.0,3.5914829168662735e-05,2.6977799360006216e-06,2.761212777760294e-06,4.137382188242365e-05,0.0,Brazil,BRA,minas gerais,,,Windows-11-10.0.26100-SP0,3.14.0,3.0.8,4,Intel(R) Core(TM) i3-9100F CPU @ 3.60GHz,1,1 x NVIDIA GeForce GTX 1650,-43.9572,-19.9029,15.928089141845703,machine,N,1.0,0.0
2025-12-03T14:56:07,q_learning_br17.atsp_R1_convex_gamma0.15_r1_project,622b938a-7396-4cd5-89eb-964b27132c35,5b0fa12a-3dd7-45bb-9766-cc326314d9f1,1.029739600024186,4.194443712055258e-06,4.073305243341852e-06,130.0,9.584510416455004,10.0,3.706580222319139e-05,2.7338910759955315e-06,2.8493052778584467e-06,4.264899857704537e-05,0.0,Brazil,BRA,minas gerais,,,Windows-11-10.0.26100-SP0,3.14.0,3.0.8,4,Intel(R) Core(TM) i3-9100F CPU @ 3.60GHz,1,1 x NVIDIA GeForce GTX 1650,-43.9572,-19.9029,15.928089141845703,machine,N,1.0,0.0
2025-12-03T14:56:13,q_learning_br17.atsp_R1_convex_gamma0.3_r1_project,1f92ff8b-2de1-492d-9845-b21a5da855eb,5b0fa12a-3dd7-45bb-9766-cc326314d9f1,1.0190850000362843,4.17944901740443e-06,4.101178034467803e-06,130.0,10.337270410815677,10.0,3.674812555901655e-05,2.9230578939970497e-06,2.8253494444975832e-06,4.249653289751118e-05,0.0,Brazil,BRA,minas gerais,,,Windows-11-10.0.26100-SP0,3.14.0,3.0.8,4,Intel(R) Core(TM) i3-9100F CPU @ 3.60GHz,1,1 x NVIDIA GeForce GTX 1650,-43.9572,-19.9029,15.928089141845703,machine,N,1.0,0.0
2025-12-03T14:56:19,q_learning_br17.atsp_R1_convex_gamma0.45_r1_project,2dac33b6-9d6d-4557-a335-55bd0f90e98c,5b0fa12a-3dd7-45bb-9766-cc326314d9f1,1.1760265999473631,4.797350644360668e-06,4.079287530210106e-06,130.0,9.774119788802444,10.0,4.233983722256703e-05,3.185002547992366e-06,3.2545013890032553e-06,4.877934115956265e-05,0.0,Brazil,BRA,minas gerais,,,Windows-11-10.0.26100-SP0,3.14.0,3.0.8,4,Intel(R) Core(TM) i3-9100F CPU @ 3.60GHz,1,1 x NVIDIA GeForce GTX 1650,-43.9572,-19.9029,15.928089141845703,machine,N,1.0,0.0
