run_index,algorithm,instance,r_type,e_type,gamma,BestEpisode,BestDistance,BestPath,Duration_sec,Emissions_kgCO2,EmissionsRate_kgCO2_per_sec,CPU_Power_W,GPU_Power_W,RAM_Power_W,CPU_Energy_Wh,GPU_Energy_Wh,RAM_Energy_Wh,Total_Energy_Wh,Water_Consumed_L
1,q,berlin52.tsp,R1,convex,0.01,9928,8181.0,39 -> 37 -> 36 -> 38 -> 35 -> 34 -> 33 -> 43 -> 45 -> 47 -> 23 -> 4 -> 14 -> 5 -> 3 -> 24 -> 11 -> 27 -> 26 -> 25 -> 46 -> 12 -> 13 -> 51 -> 10 -> 50 -> 32 -> 42 -> 9 -> 8 -> 7 -> 40 -> 18 -> 44 -> 31 -> 48 -> 0 -> 21 -> 30 -> 17 -> 2 -> 16 -> 20 -> 22 -> 19 -> 49 -> 15 -> 28 -> 29 -> 41 -> 6 -> 1 -> 39,3.54722359997686,1.4549879422929243e-05,4.101765511208303e-06,130.0,10.218161158293405,10.0,0.00012803083944470727,1.0065285829988224e-05,9.846684166566572e-06,0.00014794280944126207,0.0
1,q,berlin52.tsp,R1,convex,0.15,9858,9326.0,14 -> 4 -> 5 -> 23 -> 47 -> 37 -> 39 -> 36 -> 38 -> 35 -> 34 -> 33 -> 43 -> 45 -> 15 -> 49 -> 19 -> 22 -> 21 -> 0 -> 48 -> 31 -> 44 -> 18 -> 40 -> 7 -> 9 -> 8 -> 42 -> 3 -> 24 -> 11 -> 27 -> 26 -> 25 -> 16 -> 2 -> 17 -> 30 -> 20 -> 1 -> 6 -> 41 -> 29 -> 28 -> 46 -> 13 -> 12 -> 51 -> 10 -> 50 -> 32 -> 14,4.377623899956234,1.8008141130781457e-05,4.113679370893762e-06,130.0,10.636123255029247,10.0,0.00015802251111082216,1.2930010344011644e-05,1.2153806388960221e-05,0.00018310632784379404,0.0
1,q,berlin52.tsp,R1,convex,0.3,9963,9204.0,15 -> 35 -> 34 -> 33 -> 38 -> 39 -> 37 -> 23 -> 47 -> 4 -> 14 -> 5 -> 3 -> 24 -> 45 -> 43 -> 36 -> 48 -> 31 -> 21 -> 0 -> 19 -> 49 -> 22 -> 30 -> 17 -> 2 -> 16 -> 20 -> 1 -> 6 -> 41 -> 29 -> 28 -> 46 -> 25 -> 26 -> 27 -> 11 -> 50 -> 10 -> 51 -> 12 -> 13 -> 32 -> 42 -> 9 -> 8 -> 7 -> 40 -> 18 -> 44 -> 15,4.444422700093128,1.8267565272664448e-05,4.110222295525957e-06,130.0,10.599479751075474,10.0,0.00016033788694767284,1.3074732682000212e-05,1.2331526389203242e-05,0.0001857441460188763,0.0
1,q,br17.atsp,R1,convex,0.01,1447,66.0,1 -> 16 -> 12 -> 15 -> 5 -> 10 -> 14 -> 6 -> 3 -> 4 -> 7 -> 8 -> 0 -> 11 -> 9 -> 13 -> 2 -> 1,1.10131719999481,4.5096334530533395e-06,4.094763482377821e-06,130.0,10.090906133212998,10.0,3.9716733332736316e-05,3.084169133998893e-06,3.052937500049464e-06,4.5853839966784674e-05,0.0
1,q,br17.atsp,R1,convex,0.15,8527,63.0,0 -> 2 -> 10 -> 11 -> 9 -> 13 -> 12 -> 7 -> 1 -> 6 -> 14 -> 5 -> 4 -> 3 -> 15 -> 16 -> 8 -> 0,1.091086099972017,4.486084637494801e-06,4.111577113492561e-06,130.0,10.68194737282625,10.0,3.935426444578398e-05,3.2347248099806603e-06,3.025406944410255e-06,4.5614396200174896e-05,0.0
1,q,br17.atsp,R1,convex,0.3,7020,64.0,12 -> 10 -> 16 -> 0 -> 11 -> 1 -> 2 -> 13 -> 9 -> 8 -> 7 -> 5 -> 4 -> 14 -> 15 -> 3 -> 6 -> 12,1.5839225000236183,6.5117147138549715e-06,4.111132150567893e-06,130.0,10.614674204130152,10.0,5.7149552777344885e-05,4.6672259559898954e-06,4.3941733333566745e-06,6.621095206669145e-05,0.0
1,q,br17.atsp,R1,convex,0.45,4501,55.0,12 -> 13 -> 10 -> 9 -> 8 -> 16 -> 7 -> 1 -> 11 -> 15 -> 5 -> 6 -> 4 -> 3 -> 14 -> 0 -> 2 -> 12,1.0748272999189794,4.3844384832424325e-06,4.079202755245361e-06,130.0,9.719296190526379,10.0,3.8709352500801394e-05,2.895557872001353e-06,2.975950277565668e-06,4.458086065036841e-05,0.0
1,q,berlin52.tsp,R1,convex,0.01,9925,7839.0,29 -> 22 -> 19 -> 49 -> 15 -> 43 -> 33 -> 34 -> 35 -> 38 -> 39 -> 37 -> 36 -> 45 -> 47 -> 23 -> 4 -> 14 -> 5 -> 3 -> 24 -> 11 -> 27 -> 26 -> 25 -> 46 -> 12 -> 13 -> 51 -> 10 -> 50 -> 32 -> 42 -> 9 -> 8 -> 7 -> 40 -> 18 -> 44 -> 31 -> 48 -> 0 -> 21 -> 30 -> 17 -> 2 -> 16 -> 20 -> 41 -> 6 -> 1 -> 28 -> 29,3.6539281000150368,1.5002028076138338e-05,4.1057261296621025e-06,130.0,10.343563844676234,10.0,0.00013190044111138882,1.0495563951995468e-05,1.0144240555625099e-05,0.0001525402456190094,0.0
1,q,berlin52.tsp,R1,convex,0.15,9948,9001.0,30 -> 17 -> 21 -> 0 -> 48 -> 31 -> 39 -> 37 -> 23 -> 38 -> 35 -> 34 -> 33 -> 36 -> 47 -> 4 -> 14 -> 5 -> 3 -> 24 -> 45 -> 43 -> 49 -> 19 -> 22 -> 29 -> 20 -> 41 -> 6 -> 1 -> 16 -> 2 -> 18 -> 44 -> 40 -> 7 -> 9 -> 8 -> 42 -> 32 -> 50 -> 11 -> 27 -> 26 -> 25 -> 46 -> 12 -> 13 -> 51 -> 10 -> 15 -> 28 -> 30,3.69911700009834,1.5215029771484937e-05,4.1131518065204346e-06,130.0,10.637025013196595,10.0,0.00013351278777990958,1.0926119851983884e-05,1.0267133888879067e-05,0.00015470604152077253,0.0
1,q,berlin52.tsp,R1,convex,0.3,9990,9020.0,0 -> 21 -> 34 -> 35 -> 33 -> 38 -> 39 -> 37 -> 23 -> 47 -> 4 -> 14 -> 5 -> 3 -> 24 -> 45 -> 36 -> 43 -> 49 -> 19 -> 22 -> 29 -> 1 -> 6 -> 41 -> 20 -> 30 -> 17 -> 2 -> 16 -> 31 -> 48 -> 44 -> 18 -> 40 -> 7 -> 9 -> 8 -> 42 -> 32 -> 50 -> 11 -> 27 -> 26 -> 25 -> 46 -> 13 -> 12 -> 51 -> 10 -> 15 -> 28 -> 0,4.388016199925914,1.8044971333209e-05,4.112330153547215e-06,130.0,10.574401242272925,10.0,0.0001584105502768782,1.2886399197997722e-05,1.2183866944461544e-05,0.00018348081641933746,0.0
1,q,br17.atsp,R1,convex,0.01,9349,63.0,6 -> 3 -> 15 -> 4 -> 14 -> 5 -> 1 -> 2 -> 9 -> 0 -> 11 -> 10 -> 13 -> 12 -> 8 -> 7 -> 16 -> 6,1.1929998999694362,4.887541018362935e-06,4.096849478770409e-06,130.0,10.110238369863623,10.0,4.303928777775986e-05,3.3480582340011944e-06,3.309048611036916e-06,4.969639462279797e-05,0.0
1,q,br17.atsp,R1,convex,0.15,9227,63.0,7 -> 12 -> 0 -> 1 -> 16 -> 8 -> 9 -> 2 -> 10 -> 13 -> 11 -> 14 -> 4 -> 3 -> 6 -> 5 -> 15 -> 7,1.144055499928072,4.678415435372697e-06,4.0893255927416405e-06,130.0,10.27102030548065,10.0,4.115380749927782e-05,3.252502601983065e-06,3.163700833101757e-06,4.757001093436264e-05,0.0
1,q,br17.atsp,R1,convex,0.3,5354,55.0,4 -> 5 -> 6 -> 15 -> 14 -> 1 -> 9 -> 11 -> 13 -> 2 -> 10 -> 7 -> 0 -> 12 -> 8 -> 16 -> 3 -> 4,1.6011290999595076,6.586452674411156e-06,4.113629984351498e-06,130.0,10.777017186348132,10.0,5.774828222379761e-05,4.788892720000715e-06,4.433710833351749e-06,6.697088577715008e-05,0.0
1,q,br17.atsp,R1,convex,0.45,7171,67.0,3 -> 6 -> 12 -> 0 -> 14 -> 9 -> 13 -> 1 -> 2 -> 10 -> 11 -> 7 -> 8 -> 16 -> 5 -> 15 -> 4 -> 3,1.0691311999689788,4.39835436642796e-06,4.11395193270534e-06,130.0,10.773979252468969,10.0,3.856072999996185e-05,3.196947002001571e-06,2.964679999988423e-06,4.472235700195184e-05,0.0
1,q,berlin52.tsp,R1,convex,0.01,9917,8398.0,36 -> 37 -> 39 -> 38 -> 35 -> 34 -> 33 -> 43 -> 45 -> 47 -> 23 -> 4 -> 14 -> 5 -> 3 -> 24 -> 11 -> 27 -> 26 -> 25 -> 46 -> 12 -> 13 -> 51 -> 10 -> 50 -> 32 -> 42 -> 9 -> 8 -> 7 -> 40 -> 18 -> 44 -> 31 -> 48 -> 0 -> 21 -> 30 -> 17 -> 2 -> 16 -> 20 -> 22 -> 19 -> 28 -> 49 -> 15 -> 29 -> 41 -> 6 -> 1 -> 36,4.415319199906662,1.8633751965507703e-05,4.220250251873435e-06,130.0,14.528348891573913,10.0,0.00015939349832996312,1.781473647401166e-05,1.2259288333330511e-05,0.0001894675231373053,0.0
1,q,berlin52.tsp,R1,convex,0.15,9783,9185.0,6 -> 1 -> 41 -> 47 -> 23 -> 4 -> 14 -> 5 -> 37 -> 39 -> 36 -> 38 -> 35 -> 34 -> 33 -> 43 -> 45 -> 15 -> 49 -> 19 -> 22 -> 30 -> 17 -> 21 -> 0 -> 48 -> 31 -> 44 -> 18 -> 40 -> 7 -> 8 -> 9 -> 42 -> 3 -> 24 -> 11 -> 27 -> 26 -> 25 -> 46 -> 12 -> 13 -> 51 -> 10 -> 50 -> 32 -> 2 -> 16 -> 20 -> 29 -> 28 -> 6,4.811717699980363,2.0303083423886047e-05,4.219508435411517e-06,130.0,14.52476001869296,10.0,0.0001736760602785378,1.9408071081986056e-05,1.3357112222325263e-05,0.00020644124358284912,0.0
1,q,berlin52.tsp,R1,convex,0.3,9997,8914.0,38 -> 35 -> 34 -> 33 -> 43 -> 49 -> 19 -> 22 -> 21 -> 0 -> 48 -> 31 -> 23 -> 47 -> 4 -> 14 -> 5 -> 37 -> 39 -> 36 -> 45 -> 15 -> 28 -> 29 -> 6 -> 1 -> 41 -> 20 -> 30 -> 17 -> 2 -> 16 -> 40 -> 7 -> 18 -> 44 -> 9 -> 8 -> 42 -> 3 -> 24 -> 11 -> 27 -> 26 -> 25 -> 46 -> 13 -> 12 -> 51 -> 10 -> 50 -> 32 -> 38,3.9057586999842897,1.6053738875063652e-05,4.1102741127167495e-06,130.0,10.50653935880069,10.0,0.0001409933813892874,1.1396398006000008e-05,1.0844235277747634e-05,0.00016323401467303503,0.0
1,q,berlin52.tsp,R1,convex,0.45,9924,9125.0,5 -> 4 -> 14 -> 23 -> 47 -> 37 -> 39 -> 36 -> 38 -> 35 -> 34 -> 33 -> 43 -> 45 -> 24 -> 3 -> 42 -> 9 -> 8 -> 7 -> 40 -> 18 -> 44 -> 31 -> 48 -> 0 -> 21 -> 30 -> 17 -> 2 -> 16 -> 20 -> 22 -> 19 -> 49 -> 15 -> 28 -> 29 -> 6 -> 1 -> 41 -> 11 -> 50 -> 10 -> 51 -> 12 -> 13 -> 46 -> 25 -> 26 -> 27 -> 32 -> 5,3.924223000067286,1.6123396549874925e-05,4.108685095010775e-06,130.0,10.447644009935942,10.0,0.00014166094222325937,1.138584244199381e-05,1.0895507500067146e-05,0.00016394229216532032,0.0
1,q,eil51.tsp,R1,convex,0.01,9867,522.0,9 -> 48 -> 8 -> 49 -> 33 -> 29 -> 38 -> 32 -> 44 -> 14 -> 43 -> 36 -> 16 -> 3 -> 17 -> 46 -> 11 -> 45 -> 50 -> 26 -> 31 -> 27 -> 30 -> 7 -> 25 -> 6 -> 22 -> 47 -> 5 -> 13 -> 24 -> 40 -> 18 -> 41 -> 39 -> 12 -> 23 -> 42 -> 0 -> 21 -> 1 -> 15 -> 28 -> 20 -> 19 -> 34 -> 35 -> 2 -> 10 -> 37 -> 4 -> 9,4.380227299989201,1.8019635608396988e-05,4.1138585681253145e-06,130.0,10.634096943315038,10.0,0.00015812523277773937,1.2935843681977088e-05,1.2162126944490914e-05,0.00018322320340420737,0.0
1,q,eil51.tsp,R1,convex,0.15,9890,483.0,42 -> 6 -> 22 -> 23 -> 13 -> 24 -> 17 -> 46 -> 11 -> 45 -> 50 -> 26 -> 0 -> 31 -> 10 -> 37 -> 4 -> 48 -> 8 -> 49 -> 33 -> 29 -> 9 -> 38 -> 32 -> 44 -> 14 -> 43 -> 36 -> 16 -> 3 -> 40 -> 18 -> 41 -> 39 -> 12 -> 5 -> 47 -> 7 -> 25 -> 30 -> 27 -> 2 -> 19 -> 34 -> 35 -> 28 -> 20 -> 15 -> 1 -> 21 -> 42,4.686916499980725,2.003930996655073e-05,4.27558501770474e-06,130.0,16.54830945569087,10.0,0.0001692046741673645,2.1540295009989108e-05,1.3014232499861262e-05,0.00020375920167721488,0.0
1,q,eil51.tsp,R1,convex,0.3,9954,502.0,32 -> 44 -> 14 -> 43 -> 36 -> 16 -> 45 -> 50 -> 11 -> 46 -> 17 -> 3 -> 40 -> 18 -> 41 -> 39 -> 12 -> 24 -> 13 -> 5 -> 26 -> 31 -> 10 -> 37 -> 8 -> 48 -> 9 -> 29 -> 33 -> 49 -> 15 -> 35 -> 34 -> 19 -> 2 -> 27 -> 30 -> 7 -> 25 -> 6 -> 22 -> 23 -> 42 -> 47 -> 0 -> 21 -> 1 -> 28 -> 20 -> 4 -> 38 -> 32,4.5482831000117585,1.9415011267018205e-05,4.268646177052614e-06,130.0,16.302584331670506,10.0,0.0001641912025011455,2.059196091799831e-05,1.2628184722335491e-05,0.00019741134814147928,0.0
1,q,eil51.tsp,R1,convex,0.45,9979,486.0,11 -> 45 -> 50 -> 26 -> 31 -> 10 -> 37 -> 4 -> 48 -> 8 -> 49 -> 33 -> 29 -> 9 -> 38 -> 32 -> 44 -> 14 -> 43 -> 36 -> 16 -> 46 -> 17 -> 3 -> 40 -> 18 -> 41 -> 39 -> 12 -> 24 -> 13 -> 5 -> 47 -> 22 -> 6 -> 42 -> 23 -> 7 -> 25 -> 30 -> 27 -> 2 -> 19 -> 34 -> 35 -> 21 -> 0 -> 1 -> 15 -> 28 -> 20 -> 11,3.7029097999911755,1.521720680188854e-05,4.109526730012382e-06,130.0,10.477668731297856,10.0,0.000133672991113983,1.077445306399416e-05,1.0280733333396105e-05,0.00015472817751137328,0.0
1,q,ftv33.atsp,R1,convex,0.01,9921,1513.0,31 -> 18 -> 19 -> 17 -> 11 -> 8 -> 9 -> 32 -> 7 -> 4 -> 6 -> 5 -> 30 -> 33 -> 2 -> 3 -> 0 -> 13 -> 12 -> 14 -> 15 -> 16 -> 1 -> 25 -> 24 -> 23 -> 20 -> 21 -> 22 -> 26 -> 29 -> 27 -> 28 -> 10 -> 31,2.3222313999431208,9.522636615992621e-06,4.100640709718189e-06,130.0,10.192101038918365,10.0,8.38085624971427e-05,6.571949702008362e-06,6.445418333169073e-06,9.682593053232014e-05,0.0
1,q,ftv33.atsp,R1,convex,0.15,9958,1651.0,13 -> 0 -> 16 -> 15 -> 14 -> 12 -> 9 -> 32 -> 7 -> 8 -> 25 -> 24 -> 23 -> 19 -> 20 -> 21 -> 31 -> 18 -> 17 -> 11 -> 10 -> 2 -> 3 -> 1 -> 33 -> 30 -> 29 -> 26 -> 22 -> 27 -> 28 -> 4 -> 5 -> 6 -> 13,2.309194799978286,9.467793478079016e-06,4.100041052477705e-06,130.0,10.171525886274853,10.0,8.33375002739356e-05,6.5216718840022114e-06,6.4091147221107445e-06,9.626828688004856e-05,0.0
1,q,ftv33.atsp,R1,convex,0.3,9960,1716.0,14 -> 15 -> 16 -> 0 -> 13 -> 12 -> 9 -> 32 -> 7 -> 8 -> 10 -> 25 -> 24 -> 23 -> 19 -> 20 -> 21 -> 18 -> 17 -> 11 -> 31 -> 29 -> 26 -> 22 -> 27 -> 28 -> 2 -> 3 -> 1 -> 33 -> 30 -> 4 -> 6 -> 5 -> 14,2.3227617000229657,9.51548696160472e-06,4.096626425995675e-06,130.0,10.179759038309864,10.0,8.375254333271491e-05,6.560838581998185e-06,6.439851110917516e-06,9.675323302563061e-05,0.0
1,q,ftv33.atsp,R1,convex,0.45,9821,1604.0,0 -> 13 -> 14 -> 15 -> 16 -> 12 -> 32 -> 7 -> 9 -> 25 -> 24 -> 23 -> 26 -> 22 -> 20 -> 21 -> 31 -> 18 -> 19 -> 17 -> 11 -> 8 -> 10 -> 4 -> 6 -> 5 -> 2 -> 3 -> 27 -> 28 -> 29 -> 1 -> 33 -> 30 -> 0,2.348943999968469,9.61421234368191e-06,4.092993423347243e-06,130.0,10.044023175663328,10.0,8.469906611232243e-05,6.545005235988888e-06,6.512998888825273e-06,9.775707023713659e-05,0.0
1,q,ftv64.atsp,R1,convex,0.01,9953,2220.0,58 -> 34 -> 56 -> 64 -> 38 -> 2 -> 3 -> 37 -> 28 -> 27 -> 26 -> 63 -> 29 -> 25 -> 22 -> 59 -> 23 -> 49 -> 24 -> 51 -> 30 -> 53 -> 31 -> 62 -> 52 -> 55 -> 33 -> 32 -> 54 -> 61 -> 1 -> 50 -> 18 -> 17 -> 16 -> 13 -> 46 -> 45 -> 42 -> 11 -> 10 -> 60 -> 14 -> 47 -> 5 -> 7 -> 8 -> 40 -> 41 -> 9 -> 43 -> 44 -> 12 -> 35 -> 20 -> 21 -> 48 -> 19 -> 36 -> 15 -> 0 -> 4 -> 39 -> 6 -> 57 -> 58,4.83227740006987,1.9840654380684778e-05,4.1058599782367426e-06,130.0,10.338403662327032,10.0,0.00017444689527943008,1.3874733321997401e-05,1.3417648055797651e-05,0.00020173927665722514,0.0
1,q,ftv64.atsp,R1,convex,0.15,9999,2523.0,5 -> 7 -> 47 -> 36 -> 8 -> 40 -> 41 -> 9 -> 10 -> 60 -> 14 -> 4 -> 39 -> 16 -> 17 -> 18 -> 61 -> 1 -> 37 -> 64 -> 38 -> 2 -> 3 -> 0 -> 15 -> 13 -> 46 -> 45 -> 42 -> 11 -> 50 -> 54 -> 28 -> 27 -> 26 -> 21 -> 48 -> 49 -> 22 -> 59 -> 25 -> 63 -> 29 -> 52 -> 30 -> 53 -> 31 -> 62 -> 51 -> 24 -> 23 -> 35 -> 20 -> 19 -> 12 -> 44 -> 43 -> 56 -> 32 -> 55 -> 33 -> 34 -> 57 -> 58 -> 6 -> 5,4.822134000016376,1.979990366628007e-05,4.10604592618389e-06,130.0,10.340662879297394,10.0,0.00017408695777962243,1.3848344412009661e-05,1.3389622222489885e-05,0.00020132492441412198,0.0
1,q,ftv64.atsp,R1,convex,0.3,9996,2661.0,34 -> 56 -> 64 -> 38 -> 2 -> 4 -> 39 -> 5 -> 7 -> 47 -> 60 -> 10 -> 36 -> 8 -> 40 -> 41 -> 9 -> 42 -> 11 -> 45 -> 16 -> 17 -> 18 -> 61 -> 1 -> 37 -> 3 -> 0 -> 15 -> 13 -> 46 -> 50 -> 54 -> 28 -> 27 -> 26 -> 21 -> 48 -> 49 -> 22 -> 59 -> 25 -> 63 -> 29 -> 32 -> 52 -> 30 -> 53 -> 31 -> 62 -> 43 -> 44 -> 12 -> 35 -> 20 -> 19 -> 14 -> 6 -> 58 -> 57 -> 55 -> 33 -> 51 -> 24 -> 23 -> 34,4.807629799935967,1.9739252423522418e-05,4.105817886349179e-06,130.0,10.337512986060666,10.0,0.00017355726916672818,1.3802233263998653e-05,1.334872166658493e-05,0.00020070822409731177,0.0
1,q,ftv64.atsp,R1,convex,0.45,9915,2619.0,4 -> 39 -> 10 -> 60 -> 36 -> 13 -> 46 -> 45 -> 42 -> 11 -> 18 -> 17 -> 16 -> 28 -> 27 -> 26 -> 21 -> 48 -> 49 -> 22 -> 59 -> 25 -> 63 -> 29 -> 50 -> 54 -> 61 -> 1 -> 37 -> 64 -> 38 -> 2 -> 3 -> 0 -> 15 -> 14 -> 47 -> 7 -> 8 -> 40 -> 41 -> 9 -> 43 -> 44 -> 12 -> 35 -> 20 -> 19 -> 53 -> 31 -> 62 -> 52 -> 30 -> 24 -> 51 -> 23 -> 56 -> 32 -> 55 -> 33 -> 34 -> 57 -> 58 -> 5 -> 6 -> 4,5.1107679000124335,2.0987245560032e-05,4.1064759681184e-06,130.0,10.358308238376525,10.0,0.00018450498083580493,1.4702233984004165e-05,1.419057222244899e-05,0.0002133977870422581,0.0
1,q,kroA100.tsp,R1,convex,0.01,9994,26471.0,84 -> 67 -> 72 -> 49 -> 43 -> 1 -> 53 -> 39 -> 63 -> 68 -> 80 -> 24 -> 60 -> 50 -> 86 -> 8 -> 6 -> 56 -> 19 -> 11 -> 26 -> 85 -> 34 -> 61 -> 59 -> 76 -> 22 -> 97 -> 90 -> 44 -> 31 -> 10 -> 16 -> 14 -> 58 -> 73 -> 20 -> 71 -> 9 -> 83 -> 23 -> 37 -> 35 -> 98 -> 17 -> 78 -> 52 -> 15 -> 87 -> 21 -> 93 -> 69 -> 65 -> 64 -> 3 -> 96 -> 55 -> 79 -> 30 -> 41 -> 88 -> 7 -> 91 -> 5 -> 48 -> 62 -> 0 -> 27 -> 92 -> 57 -> 66 -> 46 -> 89 -> 18 -> 74 -> 25 -> 82 -> 54 -> 33 -> 45 -> 2 -> 42 -> 28 -> 13 -> 47 -> 99 -> 70 -> 40 -> 51 -> 77 -> 95 -> 4 -> 36 -> 32 -> 75 -> 12 -> 94 -> 81 -> 38 -> 29 -> 84,8.187016199924983,3.3644099569201407e-05,4.109445828323838e-06,130.0,10.448467405949248,10.0,0.0002955969430525632,2.3758907895979342e-05,2.2736510555518585e-05,0.0003420923615040611,0.0
1,q,kroA100.tsp,R1,convex,0.15,9933,31280.0,41 -> 88 -> 30 -> 79 -> 55 -> 96 -> 74 -> 14 -> 16 -> 10 -> 31 -> 44 -> 90 -> 97 -> 22 -> 54 -> 82 -> 33 -> 6 -> 8 -> 56 -> 86 -> 50 -> 60 -> 24 -> 80 -> 72 -> 49 -> 43 -> 1 -> 53 -> 39 -> 63 -> 68 -> 92 -> 27 -> 57 -> 66 -> 5 -> 48 -> 89 -> 9 -> 84 -> 67 -> 51 -> 77 -> 95 -> 4 -> 36 -> 32 -> 75 -> 12 -> 94 -> 81 -> 38 -> 29 -> 28 -> 45 -> 2 -> 42 -> 13 -> 70 -> 40 -> 99 -> 47 -> 85 -> 26 -> 11 -> 19 -> 34 -> 61 -> 59 -> 76 -> 46 -> 73 -> 20 -> 58 -> 71 -> 83 -> 37 -> 23 -> 17 -> 78 -> 87 -> 15 -> 21 -> 93 -> 69 -> 52 -> 18 -> 3 -> 64 -> 65 -> 25 -> 98 -> 35 -> 62 -> 0 -> 91 -> 7 -> 41,8.210197799955495,3.371531405306406e-05,4.1065166606883475e-06,130.0,10.343892039357444,10.0,0.0002964287588886994,2.3587241091999056e-05,2.2800468611078234e-05,0.0003428164685917767,0.0
1,q,kroA100.tsp,R1,convex,0.3,9949,30980.0,57 -> 14 -> 16 -> 10 -> 31 -> 44 -> 90 -> 97 -> 22 -> 82 -> 54 -> 33 -> 6 -> 8 -> 56 -> 19 -> 11 -> 26 -> 85 -> 34 -> 61 -> 59 -> 76 -> 92 -> 27 -> 66 -> 80 -> 24 -> 60 -> 50 -> 86 -> 68 -> 63 -> 39 -> 53 -> 1 -> 43 -> 49 -> 72 -> 67 -> 84 -> 77 -> 51 -> 95 -> 4 -> 36 -> 38 -> 29 -> 28 -> 45 -> 2 -> 42 -> 70 -> 40 -> 99 -> 13 -> 47 -> 75 -> 32 -> 12 -> 94 -> 81 -> 5 -> 48 -> 89 -> 9 -> 83 -> 20 -> 73 -> 58 -> 71 -> 15 -> 87 -> 21 -> 93 -> 69 -> 52 -> 78 -> 17 -> 23 -> 37 -> 35 -> 98 -> 62 -> 0 -> 91 -> 7 -> 41 -> 88 -> 30 -> 79 -> 55 -> 96 -> 74 -> 18 -> 3 -> 64 -> 65 -> 25 -> 46 -> 57,8.642325500026345,3.5503215891312676e-05,4.1080627999031564e-06,130.0,10.39714238642568,10.0,0.00031203764583462746,2.4956964410002835e-05,2.400119944456189e-05,0.0003609958096891922,0.0
1,q,kroA100.tsp,R1,convex,0.45,9968,31389.0,77 -> 51 -> 95 -> 54 -> 82 -> 6 -> 8 -> 56 -> 86 -> 14 -> 16 -> 10 -> 31 -> 44 -> 90 -> 97 -> 22 -> 76 -> 59 -> 61 -> 34 -> 85 -> 26 -> 11 -> 19 -> 33 -> 28 -> 45 -> 2 -> 42 -> 70 -> 40 -> 99 -> 47 -> 13 -> 81 -> 94 -> 12 -> 32 -> 75 -> 36 -> 4 -> 38 -> 29 -> 84 -> 67 -> 24 -> 80 -> 60 -> 50 -> 57 -> 92 -> 27 -> 66 -> 48 -> 5 -> 62 -> 91 -> 7 -> 41 -> 88 -> 30 -> 79 -> 55 -> 96 -> 74 -> 18 -> 52 -> 9 -> 83 -> 35 -> 37 -> 23 -> 17 -> 78 -> 87 -> 15 -> 21 -> 93 -> 69 -> 65 -> 64 -> 3 -> 25 -> 98 -> 20 -> 73 -> 58 -> 71 -> 89 -> 0 -> 46 -> 1 -> 43 -> 49 -> 72 -> 68 -> 39 -> 63 -> 53 -> 77,9.830294399987906,1.633121454279739e-06,1.6613148984446977e-07,130.0,11.920058324728409,10.0,0.0003549301744464578,3.25455815920056e-05,2.7300519722242222e-05,0.0004147762757607056,0.0
1,q,st70.tsp,R1,convex,0.01,9982,751.0,55 -> 64 -> 50 -> 49 -> 57 -> 36 -> 46 -> 15 -> 0 -> 35 -> 22 -> 37 -> 21 -> 62 -> 58 -> 68 -> 30 -> 69 -> 12 -> 28 -> 34 -> 56 -> 14 -> 23 -> 18 -> 6 -> 1 -> 3 -> 17 -> 41 -> 5 -> 40 -> 42 -> 16 -> 20 -> 33 -> 11 -> 59 -> 51 -> 9 -> 4 -> 52 -> 65 -> 31 -> 2 -> 7 -> 27 -> 25 -> 48 -> 54 -> 19 -> 13 -> 29 -> 43 -> 67 -> 8 -> 39 -> 60 -> 38 -> 44 -> 24 -> 45 -> 26 -> 61 -> 53 -> 32 -> 66 -> 47 -> 10 -> 63 -> 55,5.899542800034396,2.441180055973314e-05,4.1379139684503705e-06,130.0,11.51144866400229,10.0,0.00021297633139183745,1.886112619998992e-05,1.638111888896674e-05,0.0002482185764807941,0.0
1,q,st70.tsp,R1,convex,0.15,9947,865.0,3 -> 17 -> 41 -> 5 -> 40 -> 42 -> 16 -> 20 -> 33 -> 11 -> 59 -> 51 -> 9 -> 4 -> 36 -> 57 -> 49 -> 50 -> 55 -> 66 -> 47 -> 10 -> 64 -> 63 -> 28 -> 12 -> 30 -> 68 -> 37 -> 58 -> 21 -> 62 -> 65 -> 56 -> 14 -> 23 -> 1 -> 6 -> 31 -> 2 -> 7 -> 27 -> 25 -> 48 -> 54 -> 18 -> 13 -> 19 -> 29 -> 43 -> 67 -> 8 -> 39 -> 60 -> 38 -> 44 -> 24 -> 45 -> 26 -> 61 -> 53 -> 32 -> 35 -> 0 -> 15 -> 46 -> 22 -> 69 -> 34 -> 52 -> 3,5.26726710004732,2.1639330761488962e-05,4.108265320605169e-06,130.0,10.424345079140814,10.0,0.00019015373361180537,1.5248901088005251e-05,1.4625538333590763e-05,0.0002200281730334014,0.0
1,q,st70.tsp,R1,convex,0.3,9973,898.0,65 -> 62 -> 21 -> 58 -> 68 -> 30 -> 28 -> 12 -> 69 -> 36 -> 57 -> 20 -> 33 -> 11 -> 59 -> 32 -> 53 -> 49 -> 9 -> 51 -> 4 -> 52 -> 46 -> 15 -> 0 -> 35 -> 22 -> 37 -> 34 -> 14 -> 23 -> 56 -> 3 -> 17 -> 41 -> 5 -> 40 -> 42 -> 16 -> 67 -> 43 -> 29 -> 19 -> 13 -> 27 -> 7 -> 25 -> 48 -> 54 -> 18 -> 6 -> 1 -> 31 -> 2 -> 8 -> 39 -> 60 -> 38 -> 44 -> 24 -> 45 -> 26 -> 61 -> 47 -> 66 -> 55 -> 64 -> 50 -> 10 -> 63 -> 65,5.332816999987699,2.1913383191889994e-05,4.1091571662670104e-06,130.0,10.458715800345127,10.0,0.00019251866472121845,1.548973461400205e-05,1.4806331944419072e-05,0.00022281473127963957,0.0
1,q,st70.tsp,R1,convex,0.45,9951,881.0,40 -> 33 -> 20 -> 61 -> 53 -> 32 -> 59 -> 11 -> 36 -> 57 -> 49 -> 9 -> 51 -> 4 -> 52 -> 30 -> 68 -> 12 -> 28 -> 69 -> 34 -> 56 -> 14 -> 23 -> 18 -> 6 -> 1 -> 3 -> 17 -> 41 -> 5 -> 42 -> 16 -> 67 -> 43 -> 29 -> 19 -> 13 -> 27 -> 7 -> 25 -> 48 -> 54 -> 2 -> 31 -> 65 -> 21 -> 62 -> 58 -> 37 -> 22 -> 46 -> 15 -> 0 -> 35 -> 63 -> 64 -> 55 -> 66 -> 47 -> 10 -> 50 -> 8 -> 39 -> 60 -> 38 -> 44 -> 24 -> 45 -> 26 -> 40,7.239824200049043,2.9942575284703364e-05,4.135815243207222e-06,130.0,11.421342590895247,10.0,0.0002613854605559027,2.296529614999321e-05,2.0104598610972365e-05,0.0003044553553168683,0.0
1,q,tsp225.tsp,R1,convex,0.01,9990,4944.0,140 -> 141 -> 139 -> 138 -> 137 -> 136 -> 135 -> 182 -> 134 -> 133 -> 214 -> 163 -> 212 -> 157 -> 162 -> 161 -> 160 -> 159 -> 158 -> 156 -> 155 -> 154 -> 153 -> 152 -> 145 -> 146 -> 147 -> 148 -> 151 -> 150 -> 149 -> 211 -> 213 -> 166 -> 165 -> 164 -> 127 -> 128 -> 221 -> 129 -> 210 -> 130 -> 85 -> 84 -> 81 -> 82 -> 83 -> 209 -> 86 -> 89 -> 91 -> 90 -> 92 -> 93 -> 208 -> 94 -> 79 -> 80 -> 78 -> 77 -> 76 -> 216 -> 218 -> 215 -> 30 -> 205 -> 201 -> 29 -> 28 -> 27 -> 203 -> 25 -> 24 -> 207 -> 23 -> 22 -> 12 -> 13 -> 14 -> 15 -> 16 -> 17 -> 202 -> 19 -> 20 -> 21 -> 11 -> 10 -> 9 -> 8 -> 40 -> 39 -> 38 -> 37 -> 36 -> 35 -> 33 -> 32 -> 34 -> 31 -> 75 -> 74 -> 73 -> 71 -> 70 -> 72 -> 99 -> 98 -> 97 -> 96 -> 95 -> 220 -> 100 -> 101 -> 102 -> 219 -> 103 -> 104 -> 105 -> 106 -> 107 -> 108 -> 109 -> 110 -> 111 -> 112 -> 113 -> 114 -> 222 -> 115 -> 61 -> 62 -> 63 -> 64 -> 65 -> 66 -> 68 -> 67 -> 69 -> 53 -> 52 -> 51 -> 54 -> 55 -> 56 -> 50 -> 48 -> 206 -> 1 -> 46 -> 224 -> 189 -> 188 -> 204 -> 190 -> 223 -> 198 -> 132 -> 49 -> 191 -> 195 -> 192 -> 217 -> 44 -> 47 -> 45 -> 193 -> 194 -> 42 -> 41 -> 6 -> 5 -> 4 -> 3 -> 196 -> 197 -> 2 -> 0 -> 199 -> 43 -> 7 -> 18 -> 59 -> 60 -> 58 -> 57 -> 116 -> 186 -> 187 -> 26 -> 185 -> 118 -> 117 -> 119 -> 174 -> 120 -> 121 -> 122 -> 123 -> 124 -> 125 -> 126 -> 87 -> 88 -> 131 -> 167 -> 168 -> 169 -> 170 -> 171 -> 172 -> 180 -> 181 -> 183 -> 184 -> 173 -> 179 -> 178 -> 175 -> 177 -> 176 -> 144 -> 143 -> 142 -> 200 -> 140,24.57226729998365,0.00010085276774146467,4.104333007216301e-06,130.0,10.433532834479548,10.0,0.000886060897221129,7.128866814200274e-05,6.811885027790494e-05,0.0010254684156410366,0.0
1,q,tsp225.tsp,R1,convex,0.15,9992,5014.0,64 -> 65 -> 66 -> 67 -> 68 -> 70 -> 71 -> 72 -> 73 -> 74 -> 75 -> 215 -> 218 -> 216 -> 76 -> 77 -> 96 -> 95 -> 208 -> 94 -> 79 -> 80 -> 78 -> 28 -> 29 -> 201 -> 205 -> 30 -> 31 -> 32 -> 34 -> 33 -> 25 -> 203 -> 27 -> 24 -> 207 -> 23 -> 12 -> 22 -> 13 -> 15 -> 14 -> 16 -> 19 -> 202 -> 18 -> 17 -> 20 -> 21 -> 35 -> 36 -> 37 -> 38 -> 39 -> 40 -> 41 -> 42 -> 45 -> 193 -> 217 -> 192 -> 195 -> 191 -> 190 -> 132 -> 198 -> 223 -> 48 -> 206 -> 50 -> 56 -> 55 -> 54 -> 51 -> 52 -> 53 -> 69 -> 101 -> 100 -> 99 -> 98 -> 97 -> 92 -> 93 -> 220 -> 81 -> 82 -> 83 -> 84 -> 85 -> 209 -> 86 -> 89 -> 90 -> 91 -> 88 -> 87 -> 104 -> 219 -> 103 -> 102 -> 105 -> 107 -> 106 -> 108 -> 109 -> 110 -> 111 -> 113 -> 112 -> 114 -> 222 -> 115 -> 116 -> 186 -> 187 -> 26 -> 188 -> 46 -> 224 -> 189 -> 204 -> 49 -> 1 -> 58 -> 57 -> 60 -> 59 -> 61 -> 62 -> 63 -> 118 -> 117 -> 185 -> 184 -> 119 -> 174 -> 120 -> 121 -> 122 -> 123 -> 124 -> 125 -> 126 -> 127 -> 221 -> 129 -> 210 -> 130 -> 131 -> 128 -> 163 -> 214 -> 133 -> 134 -> 182 -> 135 -> 136 -> 137 -> 139 -> 138 -> 141 -> 140 -> 158 -> 159 -> 160 -> 161 -> 162 -> 157 -> 212 -> 164 -> 165 -> 166 -> 213 -> 211 -> 167 -> 168 -> 169 -> 170 -> 171 -> 172 -> 180 -> 173 -> 179 -> 178 -> 175 -> 176 -> 177 -> 145 -> 146 -> 147 -> 152 -> 153 -> 154 -> 155 -> 156 -> 143 -> 142 -> 200 -> 144 -> 151 -> 148 -> 149 -> 150 -> 183 -> 181 -> 47 -> 44 -> 43 -> 194 -> 5 -> 6 -> 7 -> 8 -> 9 -> 10 -> 11 -> 199 -> 0 -> 2 -> 197 -> 3 -> 196 -> 4 -> 64,26.685053099994548,0.00010958714582634647,4.106686444119119e-06,130.0,10.446205260071773,10.0,0.0009626533872163338,7.75914509620057e-05,7.403451499962506e-05,0.0011142793531779647,0.0
1,q,tsp225.tsp,R1,convex,0.3,9978,5229.0,215 -> 218 -> 216 -> 76 -> 77 -> 96 -> 94 -> 208 -> 95 -> 98 -> 97 -> 99 -> 100 -> 101 -> 102 -> 103 -> 219 -> 104 -> 105 -> 106 -> 107 -> 108 -> 109 -> 110 -> 111 -> 112 -> 113 -> 114 -> 222 -> 115 -> 116 -> 186 -> 187 -> 26 -> 188 -> 224 -> 46 -> 1 -> 206 -> 48 -> 50 -> 56 -> 55 -> 54 -> 51 -> 53 -> 52 -> 67 -> 68 -> 70 -> 71 -> 72 -> 69 -> 73 -> 75 -> 74 -> 30 -> 205 -> 201 -> 29 -> 28 -> 27 -> 203 -> 25 -> 33 -> 32 -> 34 -> 31 -> 36 -> 35 -> 207 -> 23 -> 12 -> 22 -> 13 -> 14 -> 15 -> 16 -> 202 -> 19 -> 18 -> 17 -> 11 -> 10 -> 37 -> 38 -> 39 -> 40 -> 7 -> 6 -> 5 -> 4 -> 3 -> 196 -> 197 -> 2 -> 0 -> 199 -> 57 -> 58 -> 60 -> 59 -> 61 -> 62 -> 63 -> 64 -> 65 -> 66 -> 91 -> 90 -> 89 -> 86 -> 209 -> 83 -> 84 -> 85 -> 210 -> 129 -> 134 -> 182 -> 135 -> 136 -> 162 -> 160 -> 161 -> 159 -> 158 -> 140 -> 139 -> 138 -> 137 -> 141 -> 200 -> 142 -> 143 -> 156 -> 155 -> 154 -> 153 -> 152 -> 147 -> 146 -> 145 -> 144 -> 148 -> 151 -> 150 -> 213 -> 211 -> 167 -> 168 -> 169 -> 170 -> 171 -> 172 -> 181 -> 180 -> 173 -> 179 -> 178 -> 175 -> 176 -> 177 -> 120 -> 174 -> 119 -> 183 -> 184 -> 118 -> 117 -> 185 -> 121 -> 122 -> 123 -> 124 -> 125 -> 126 -> 127 -> 128 -> 221 -> 130 -> 131 -> 214 -> 133 -> 212 -> 157 -> 163 -> 164 -> 165 -> 166 -> 149 -> 87 -> 88 -> 81 -> 82 -> 220 -> 93 -> 92 -> 79 -> 80 -> 78 -> 192 -> 217 -> 44 -> 47 -> 195 -> 191 -> 223 -> 198 -> 132 -> 189 -> 204 -> 190 -> 49 -> 45 -> 193 -> 194 -> 42 -> 43 -> 41 -> 8 -> 9 -> 21 -> 20 -> 24 -> 215,27.94179890002124,0.00011476626548103096,4.1073327415918e-06,130.0,10.497163862930938,10.0,0.0010080160855596963,8.140117623200993e-05,7.752325027799493e-05,0.001166940512069701,0.0
1,q,tsp225.tsp,R1,convex,0.45,9999,5399.0,76 -> 77 -> 216 -> 218 -> 215 -> 205 -> 201 -> 29 -> 28 -> 27 -> 203 -> 25 -> 33 -> 32 -> 34 -> 31 -> 30 -> 72 -> 71 -> 70 -> 69 -> 67 -> 68 -> 66 -> 65 -> 64 -> 63 -> 62 -> 61 -> 60 -> 59 -> 58 -> 57 -> 206 -> 48 -> 50 -> 56 -> 54 -> 55 -> 51 -> 52 -> 53 -> 73 -> 75 -> 74 -> 97 -> 98 -> 99 -> 100 -> 101 -> 103 -> 219 -> 102 -> 104 -> 105 -> 106 -> 107 -> 108 -> 109 -> 111 -> 112 -> 113 -> 114 -> 222 -> 115 -> 116 -> 117 -> 186 -> 185 -> 118 -> 184 -> 119 -> 174 -> 120 -> 121 -> 122 -> 123 -> 124 -> 211 -> 213 -> 150 -> 149 -> 148 -> 147 -> 146 -> 145 -> 154 -> 153 -> 152 -> 151 -> 155 -> 156 -> 143 -> 142 -> 200 -> 141 -> 140 -> 139 -> 138 -> 137 -> 136 -> 162 -> 161 -> 160 -> 159 -> 158 -> 135 -> 182 -> 134 -> 133 -> 214 -> 212 -> 157 -> 163 -> 164 -> 165 -> 166 -> 125 -> 126 -> 127 -> 128 -> 221 -> 129 -> 210 -> 130 -> 85 -> 84 -> 83 -> 209 -> 86 -> 89 -> 90 -> 91 -> 92 -> 93 -> 208 -> 94 -> 95 -> 96 -> 79 -> 80 -> 78 -> 220 -> 81 -> 82 -> 14 -> 15 -> 16 -> 19 -> 202 -> 18 -> 17 -> 21 -> 20 -> 13 -> 12 -> 11 -> 10 -> 9 -> 38 -> 37 -> 36 -> 35 -> 207 -> 23 -> 22 -> 24 -> 1 -> 46 -> 224 -> 189 -> 188 -> 204 -> 190 -> 198 -> 223 -> 191 -> 195 -> 47 -> 192 -> 217 -> 44 -> 45 -> 193 -> 194 -> 42 -> 5 -> 6 -> 7 -> 41 -> 40 -> 39 -> 8 -> 0 -> 199 -> 3 -> 196 -> 197 -> 2 -> 4 -> 43 -> 132 -> 49 -> 26 -> 187 -> 183 -> 172 -> 180 -> 181 -> 173 -> 179 -> 178 -> 175 -> 176 -> 177 -> 144 -> 167 -> 168 -> 169 -> 171 -> 170 -> 110 -> 87 -> 88 -> 131 -> 76,26.042375400080346,0.00010692598893676124,4.1058462330756265e-06,130.0,10.45521832218325,10.0,0.0009393745869475728,7.560311603799219e-05,7.224307361142969e-05,0.0010872207765969947,0.0
1,q,br17.atsp,R1,convex,0.01,8190,53.0,10 -> 13 -> 0 -> 9 -> 12 -> 11 -> 2 -> 1 -> 16 -> 7 -> 8 -> 4 -> 3 -> 14 -> 6 -> 15 -> 5 -> 10,1.1041429999750108,4.5244770952124495e-06,4.097727464028526e-06,130.0,10.313040114429276,10.0,3.9788070833633866e-05,3.1575025259966694e-06,3.0591963887369884e-06,4.6004769748367526e-05,0.0
1,q,br17.atsp,R1,convex,0.01,9509,59.0,7 -> 10 -> 13 -> 12 -> 2 -> 1 -> 11 -> 9 -> 0 -> 8 -> 14 -> 5 -> 15 -> 3 -> 4 -> 6 -> 16 -> 7,1.1045589999994263,4.531275183880382e-06,4.102338746850766e-06,130.0,10.37122819348639,10.0,3.983225638932911e-05,3.1791692099991664e-06,3.0624669442962234e-06,4.6073892543624496e-05,0.0
1,q,br17.atsp,R1,convex,0.01,6281,62.0,1 -> 12 -> 2 -> 10 -> 16 -> 8 -> 9 -> 5 -> 4 -> 3 -> 15 -> 14 -> 6 -> 7 -> 11 -> 13 -> 0 -> 1,1.4068822000408545,5.759270497141428e-06,4.093640886901679e-06,130.0,9.99331994336919,10.0,5.075478777806792e-05,3.902780900011393e-06,3.902549444723667e-06,5.8560118122802984e-05,0.0
1,q,br17.atsp,R1,convex,0.15,8646,56.0,10 -> 0 -> 11 -> 12 -> 2 -> 9 -> 13 -> 1 -> 8 -> 7 -> 15 -> 14 -> 3 -> 4 -> 6 -> 5 -> 16 -> 10,1.1205044999951497,4.601846328337278e-06,4.106941407515274e-06,130.0,10.522104103763638,10.0,4.041287972132624e-05,3.2719470620112823e-06,3.106631389042984e-06,4.679145817238051e-05,0.0
1,q,br17.atsp,R1,convex,0.3,9155,67.0,11 -> 1 -> 9 -> 13 -> 10 -> 2 -> 12 -> 0 -> 16 -> 8 -> 6 -> 4 -> 3 -> 15 -> 7 -> 5 -> 14 -> 11,1.0643815000075847,4.3551298281198435e-06,4.09170004184478e-06,130.0,10.021545762543788,10.0,3.8373111111771625e-05,2.95944681198701e-06,2.950293055619113e-06,4.428285097937775e-05,0.0
1,q,br17.atsp,R1,convex,0.01,2755,56.0,2 -> 9 -> 13 -> 10 -> 1 -> 0 -> 16 -> 15 -> 6 -> 4 -> 3 -> 5 -> 14 -> 8 -> 7 -> 11 -> 12 -> 2,2.9757189999800175,1.2221564687428713e-05,4.107096364781346e-06,130.0,10.403554510885257,10.0,0.00010741135527787265,8.596673543997957e-06,8.260534722163963e-06,0.00012426856354403457,0.0
1,q,br17.atsp,R1,convex,0.15,7778,63.0,4 -> 6 -> 10 -> 2 -> 1 -> 8 -> 16 -> 12 -> 0 -> 9 -> 13 -> 11 -> 7 -> 15 -> 14 -> 5 -> 3 -> 4,3.6616161999991164,1.5054974806127298e-05,4.111565490160036e-06,130.0,10.55879646815148,10.0,0.00013217622166493027,1.0736397477992266e-05,1.016598750009305e-05,0.0001530786066430156,0.0
1,q,br17.atsp,R1,convex,0.01,9476,66.0,6 -> 4 -> 14 -> 3 -> 5 -> 15 -> 9 -> 2 -> 10 -> 13 -> 12 -> 0 -> 1 -> 11 -> 7 -> 8 -> 16 -> 6,2.938359500025399,1.2082995691892687e-05,4.112157035852231e-06,130.0,10.588535216676808,10.0,0.00010606283277965203,8.639729133994023e-06,8.157035555470631e-06,0.00012285959746911667,0.0
1,q,br17.atsp,R1,convex,0.01,8409,55.0,15 -> 4 -> 3 -> 5 -> 8 -> 7 -> 12 -> 13 -> 2 -> 11 -> 1 -> 9 -> 0 -> 10 -> 16 -> 6 -> 14 -> 15,1.0168929999927059,4.1508665862292216e-06,4.081910865999663e-06,130.0,9.6532480896618,10.0,3.6663322218939564e-05,2.7238910679933115e-06,2.818694166489877e-06,4.2205907453422755e-05,0.0
1,q,br17.atsp,R1,convex,0.01,6539,60.0,5 -> 7 -> 8 -> 1 -> 0 -> 12 -> 13 -> 2 -> 11 -> 9 -> 16 -> 10 -> 15 -> 4 -> 3 -> 6 -> 14 -> 5,1.04142529994715,4.261404069593823e-06,4.091896048434851e-06,130.0,10.01897791955759,10.0,3.754809138804881e-05,2.8950023160112526e-06,2.8867561108199883e-06,4.332984981488005e-05,0.0
1,q,br17.atsp,R1,convex,0.15,2845,53.0,9 -> 11 -> 6 -> 5 -> 3 -> 4 -> 14 -> 15 -> 0 -> 7 -> 8 -> 16 -> 12 -> 10 -> 13 -> 1 -> 2 -> 9,1.0656564000528306,4.365173349487234e-06,4.09622965645477e-06,130.0,10.235633312777205,10.0,3.840651749859616e-05,3.026391310001486e-06,2.9520644444144433e-06,4.438497325301209e-05,0.0
1,q,br17.atsp,R1,convex,0.01,8992,65.0,9 -> 11 -> 12 -> 2 -> 13 -> 10 -> 0 -> 15 -> 3 -> 5 -> 14 -> 4 -> 6 -> 1 -> 7 -> 16 -> 8 -> 9,1.0331676999339834,4.216701203900877e-06,4.081332782829266e-06,130.0,9.58600124919561,10.0,3.7261921664402405e-05,2.74861331001075e-06,2.864777222081709e-06,4.2875312196494864e-05,0.0
1,q,br17.atsp,R1,convex,0.01,8773,59.0,8 -> 11 -> 10 -> 0 -> 12 -> 13 -> 9 -> 2 -> 1 -> 7 -> 5 -> 4 -> 3 -> 14 -> 15 -> 6 -> 16 -> 8,0.9962608000496402,4.069032634492601e-06,4.0843046662980775e-06,130.0,9.759496503946172,10.0,3.5914829168662735e-05,2.6977799360006216e-06,2.761212777760294e-06,4.137382188242365e-05,0.0
1,q,br17.atsp,R1,convex,0.15,793,59.0,3 -> 4 -> 5 -> 6 -> 11 -> 10 -> 12 -> 13 -> 2 -> 0 -> 7 -> 1 -> 8 -> 16 -> 9 -> 15 -> 14 -> 3,1.029739600024186,4.194443712055258e-06,4.073305243341852e-06,130.0,9.584510416455005,10.0,3.706580222319139e-05,2.7338910759955315e-06,2.8493052778584467e-06,4.264899857704537e-05,0.0
1,q,br17.atsp,R1,convex,0.3,904,64.0,1 -> 11 -> 6 -> 3 -> 4 -> 14 -> 8 -> 16 -> 7 -> 15 -> 5 -> 10 -> 12 -> 0 -> 2 -> 9 -> 13 -> 1,1.0190850000362843,4.17944901740443e-06,4.101178034467803e-06,130.0,10.337270410815677,10.0,3.674812555901655e-05,2.9230578939970497e-06,2.8253494444975832e-06,4.249653289751118e-05,0.0
1,q,br17.atsp,R1,convex,0.45,9045,67.0,14 -> 11 -> 1 -> 13 -> 9 -> 12 -> 2 -> 10 -> 16 -> 7 -> 0 -> 5 -> 8 -> 3 -> 4 -> 6 -> 15 -> 14,1.1760265999473631,4.797350644360668e-06,4.079287530210106e-06,130.0,9.774119788802444,10.0,4.233983722256703e-05,3.185002547992366e-06,3.2545013890032553e-06,4.877934115956265e-05,0.0
